{"schemaVersion":"1.0","appDefinitionTemplate":{"id":"/providers/Microsoft.PowerApps/apps/","type":"Microsoft.PowerApps/apps","tags":{"minimumRequiredApiVersion":"2.2.0"},"properties":{"appVersion":"2018-10-30T21:11:24Z","lifeCycleId":"Published","createdByClientVersion":{"major":3,"minor":18103,"build":23,"revision":0,"majorRevision":0,"minorRevision":0},"minClientVersion":{"major":3,"minor":18103,"build":23,"revision":0,"majorRevision":0,"minorRevision":0},"backgroundColor":"rgba(1, 131, 134, 1)","backgroundImageUri":"/12330269074941273052/N6316f6e6-53f9-4312-8b2b-3ef3bda1f36a-logoSmallFile","displayName":"My Drillbit","description":"","appUris":{"documentUri":{"value":"/12330269074941273052/N7773edea-270a-4e13-9a5f-0ebab36c52a7-document.msapp","readonlyValue":"/12330269074941273052/N7773edea-270a-4e13-9a5f-0ebab36c52a7-document.msapp"},"imageUris":[]},"createdTime":"0001-01-01T00:00:00Z","lastModifiedTime":"0001-01-01T00:00:00Z","sharedGroupsCount":0,"sharedUsersCount":0,"icons":{"smallIconUri":"/12330269074941273052/N064e32d5-4e9f-46be-a646-567ff6037653-small.png","mediumIconUri":"/12330269074941273052/N95f694fe-fa4a-4761-996f-a3d22dd2c82b-medium.png","largeIconUri":"/12330269074941273052/Na9709ad7-f319-4a3d-9309-10a0534e381d-large.png","wideIconUri":"/12330269074941273052/N91941ffe-0c19-4c63-b830-6f985a2382b0-wide.png"},"connectionReferences":{"98841feb-62b5-4c71-9e9a-5257afa70375":{"id":"1ec6050b-63b5-4164-adc9-de3ca27e8602","displayName":"SharePoint","iconUri":"https://connectoricons-prod.azureedge.net/sharepointonline/icon_1.0.1019.1195.png","dataSources":["DrillbitInspection"],"dependencies":[],"dependents":[],"parameterHints":{},"isOnPremiseConnection":false,"bypassConsent":false,"dataSets":{"https://dvnlabs.sharepoint.com/sites/hackathon":{"dataSources":{"DrillbitInspection":{"tableName":"349ed578-388f-4dc5-aa66-083f3a40657b"}}}},"apiTier":"Standard"}},"almMode":"Environment"}}}